-- phpMyAdmin SQL Dump
-- version 5.1.1
-- https://www.phpmyadmin.net/
--
-- Host: 127.0.0.1
-- Waktu pembuatan: 06 Jan 2023 pada 05.04
-- Versi server: 10.4.21-MariaDB
-- Versi PHP: 8.0.11

SET SQL_MODE = "NO_AUTO_VALUE_ON_ZERO";
START TRANSACTION;
SET time_zone = "+00:00";


/*!40101 SET @OLD_CHARACTER_SET_CLIENT=@@CHARACTER_SET_CLIENT */;
/*!40101 SET @OLD_CHARACTER_SET_RESULTS=@@CHARACTER_SET_RESULTS */;
/*!40101 SET @OLD_COLLATION_CONNECTION=@@COLLATION_CONNECTION */;
/*!40101 SET NAMES utf8mb4 */;

--
-- Database: `uas_web`
--

-- --------------------------------------------------------

--
-- Struktur dari tabel `berita`
--

CREATE TABLE `berita` (
  `id_berita` int(11) NOT NULL,
  `id_kategori` int(11) DEFAULT NULL,
  `judul` varchar(100) DEFAULT NULL,
  `isi` text DEFAULT NULL,
  `sampul` varchar(200) DEFAULT NULL,
  `tanggal` date DEFAULT current_timestamp(),
  `id_comment` int(11) DEFAULT NULL,
  `id_user` int(11) DEFAULT NULL,
  `id_konten` int(11) DEFAULT NULL
) ENGINE=InnoDB DEFAULT CHARSET=utf8mb4;

--
-- Dumping data untuk tabel `berita`
--

INSERT INTO `berita` (`id_berita`, `id_kategori`, `judul`, `isi`, `sampul`, `tanggal`, `id_comment`, `id_user`, `id_konten`) VALUES
(12346, 5, 'SAHAM GOTO, BLIBLI, DAN BUKALAPAK KOMPAK TURUN BARENG, MENGAPA?', 'Tiga emiten teknologi yakni, PT GoTo Gojek Tokopedia Tbk. (GOTO), PT Bukalapak.com Tbk. (BUKA), dan PT Global Digital Niaga Tbk. (BELI) terpantau terkoreksi pada sesi I perdagangan hari ini Senin (21/11/2022). Berdasarkan data RTI, saham GOTO terkoreksi 4,50 persen atau 10 poin ke level 212. Sepanjang sesi saham GOTO bergerak di rentang 210-220. Sebanyak 736,41 juta saham GOTO tersebar dengan nilai transaksi mencapai Rp158,02 miliar. Kemudian saham BUKA tercatat terkoreksi 4,49 persen atau 14 poin ke level 298. Nilai transaksi BUKA sepanjang sesi mencapai Rp62,61 miliar dengan jumlah saham tersebar mencapai 206,29 juta. Sepanjang sesi saham BUKA bergerak direntang 296-314. Pendatang baru di Bursa Efek Indonesia (BEI), yakni BELI tercatat melemah 1,61 persen atau turun 8 poin ke level 488. Sepanjang sesi saham BELI bergerak direntang 484-298. Sementara dilihat dari transaksi tercatat 33,8 juta saham diperdagangkan dengan nilai mencapai Rp16,54 miliar. Pada perdagangan sesi I hari ini, IHSG terpantau melemah 0,34 persen atau turun 24,38 poin ke level 7057,8. Sepanjang sesi IHSG bergerak pada rentang 7052,77-7.107,32 dengan kapitalisasi pasar mencapai Rp9.490 triliun. Sebanyak 275 menguat, 187 terpantau stagnan, sementara 234 saham lainnya masuk zona merah pada sesi I hari ini', 'uploads/B1.jpg', '2022-12-11', NULL, NULL, NULL),
(12347, 5, 'INI 5 PR PENTING INDUSTRI ASURANSI !', 'Menghadapi perlambatan ekonomi global tahun depan, industri asuransi dinilai masih memiliki banyak pekerjaan rumah. Namun demikian, industri asuransi tahun depan diproyeksikan masih akan bertumbuh. Ekonom dan Direktur Eksekutif Celious Bhima Yudhistira mengatakan, terdapat 5 faktor yang diproyeksikan akan mempengaruhi bisnis asuransi ke depan. Pertama adalah terkait dengan kepercayaan nasabah, di mana banyak kasus asurasni yang dinilai masih membekas di calon ataupun pemegang polis, seperti kasus Asabri, Jiwasraya, Bumi Putera dan lainnya.  “Ini masih membekas dan menurunkan tingkat kepercayaan. Perusahaan asuransi harus berbenah dalam tata kelola nya, jangan sampai lagi terjadi ada miss selling, terutama di produk unit link. Hal ini untuk membangun kembali brand yang positif,” ujar Bhima kepada Bisnis, Sabtu (19/11). Kedua, industri asuransi akan dihadapi dengan tantangan dari resesi ekonomi global yang mungkin akan berdampak ke Indonesia dan sudah mulai terlihat dari penurunan cadangan devisa atau dari pelemahan nilai tukar rupiah. Hal ini juga bisa berdampak terhadap keyakinan konsumen untuk bisa membeli atau memiliki polis asurasnsi, baik asuransi jiwa maupun asuransi kesehatan. Baca Juga : RBC Reasuransi Cucu BUMN Nasional Re Negatif, Begini Laporan Keuangan Q3/2022 Ketiga, tantangan yang akan dihadapi adalah Risk Base Capital (RBC) perusahaan asuransi. Bhima menyampaikan bahwa dari segi regulasi perlu diperhatikan arah untuk memperketat aturan main di industri asuransi. “Mungkin ke depan yang bisa diperhatikan adalah modal minimum seperti yang dimiliki perbankan, dan pengendalian manajamen risiko, serta penempatan dana investasinya, sehingga bisa berdampak terhadap fee based income yang diterima oleh perusahaan asuransi,” ujar dia. Keempat, kemunculan dari fenomena insurtech. Bhima mengatakan bahwa tanpa disadari produk asuransi yang terkait dengan proteksi barang, seperti yang ada di e-commerce bisa menjadi peluang bagi perusahaan asuransi, karena pasarnya masih besar di Indonesia seiring dengan nilai transaksi di e-commerce masih cukup tinggi. “Jadi bagaimana ke depannya tantangannya asuransi ini bisa mengakselerasi digitalisasi, bisa ikut terlibat di dalam ekosistem digital,” ujar dia. Baca Juga : Blak-blakkan Manajemen Reasuransi Nasre Soal RBC Negatif dan Rating Turun Kelima, mengenai literasi keuangan. Bhima melihat literasi keuangan di sektor asuransi masih relatif lebih rendah dibandingkan dengan literasi di perbankan. “Jadi untuk literasi asuransi ini edukasi terus menerus perlu dilakukan pada komunitas masyarakat, bahkan tenaga pendidik karena edukasi soal produk asuransi harusnya dikenalkan, bahkan mulai dari sekolah menengah maupun perguruan tinggi,” ujar dia.', 'uploads/B2.jpg', '2022-12-11', NULL, NULL, NULL),
(12348, 5, 'Saham Emiten Asuransi Diramal Masih Melempem Tahun Depan', 'JAKARTA – Pengamat menilai saham emiten perusahaan asuransi masih mengalami koreksi sampai dengan penutupan buku 2022 dan akan melanjutkan pelemahan pada periode 2023. Ekonom dan Praktisi Pasar Modal Lucky Bayu Purnomo mengatakan bahwa sejak periode Maret 2022, saham emiten perusahaan asuransi mengalami koreksi. Lucky menyebut melemahnya saham asuransi disebabkan karena saham asuransi masuk ke dalam kelompok jenis saham yang nilai transaksinya tidak lebih likuid dari emiten bank. Imbasnya, saham pada sektor ini masih mengalami koreksi hingga akhir 2022. “Saham emiten asuransi masih mengalami pelemahan hingga akhir tahun ini,” kata Lucky kepada Bisnis belum lama ini. Baca Juga : Ini 5 PR Penting Industri Asuransi Tak hanya terjadi pada tahun ini, Lucky memproyeksikan bahwa saham asuransi masih akan melemah dan mudah terkoreksi pada 2023. Pasalnya, tutur Lucky, sektor asuransi hingga saat ini masih menjadi barang substitusi atau produk pengganti, di mana orang bisa membayar, menunggak, maupun mengakhiri premi. “Jadi apabila ekonomi melemah, maka asuransi memiliki sentimen negatif. Saham asuransi memiliki potensi tertekan, di mana sinyal pelemahan masih dapat dialami pada sektoral, yaitu sektor keuangan,” pungkasnya. Berdasarkan penelusuran Bisnis, terdapat 16 emiten perusahaan asuransi yang melantai di Bursa Efek Indonesia (BEI) hingga saat ini. Baca Juga : Bank Oke Indonesia (DNAR) Minta Izin OJK Terbitkan Produk Asuransi Adapun sepanjang tahun berjalan (year-to-date/ytd) hingga penutupan perdagangan Jumat (18/11/2022), saham PT Asuransi Maximus Graha Persada Tbk. (ASMI) menjadi saham emiten asuransi yang mengalami koreksi terdalam mencapai 51,15 persen. Diikuti dengan saham PT Asuransi Jiwa Syariah Jasa Mitra Abadi (JMAS) yang melemah 31,03 persen secara ytd. Sementara itu, posisi terbalik dengan penguatan harga saham emiten asuransi sepanjang tahun berjalan ditempati oleh saham PT Lippo General Insurance Tbk. (LPGI) yang menguat 113,27 persen. Lalu, saham PT Asuransi Bintang Tbk. (ASBI) yang menguat 68,71 persen secara ytd.', 'uploads/B3.jpg', '2022-12-11', NULL, NULL, NULL),
(12349, 5, 'BUNGA DEPOSITO BCA NAIK JADI 2,10 PERSEN, INI RINCIANNYA !', ' PT Bank Central Asia Tbk atau BCA telah menaikkan suku bunga deposito guna menyesuaikan kenaikan BI 7-Day Reverse Repo Rate (BI7DRR) yang terjadi sejak Agustus lalu. EVP Corporate Communication & Social Responsibility BCA Hera F. Haryn mengatakan, pihaknya telah menaikkan suku bunga deposito secara bertahap sejak kuartal III-2022. \"Sejak kuartal III-2022, BCA telah menaikkan bunga deposito, baik rupiah maupun valas secara berkala,\" ujarnya saat dihubungi Kompas.com, dikutip Senin (21/11/2022). Baca juga: BI Naikkan Suku Bunga Acuan Lagi, Bagaimana Bunga KPR Saat Ini? Pada 30 September lalu, bunga deposito rupiah BCA masih di level 1,90 persen untuk tenor 1 sampai 12 bulan. Sedangkan bunga deposito dollar AS sebesar 0,25 persen untuk tenpr 1-12 bulan. Sementara saat ini bunga deposito rupiah BCA berkisar 2-2,10 persen dan deposito dollar AS berkisar 0,75-1,75 persen. Berikut rincian bunga deposito rupiah BCA yang berlaku efektif sejak 14 November 2022: Bunga deposito rupiah kurang dari Rp 2 miliar tenor 1-12 bulan sebesar 2 persen. Bunga deposito rupiah lebih dari Rp 2-5 miliar tenor 1-12 bulan sebesar 2 persen. Bunga deposito rupiah Rp 5-10 miliar tenor 1-12 bulan sebesar 2 persen. Bunga deposito rupiah Rp 10-25 miliar tenor 1-12 bulan sebesar 2 persen. Bunga deposito rupiah Rp 25-100 miliar tenor 1-12 bulan sebesar 2 persen. Bunga deposito rupiah Rp 100 miliar tenor 1-12 bulan sebesar 2,10 persen. Baca juga: Tidak Seperti China, Kenaikan Bunga KPR Dapat Ancam Sektor Properti RI Sementara itu, rincian bunga deposito valas BCA yang berlaku efektif sejak 1 November 2022 sebagai berikut: Bunga deposito valas dollar AS kurang dari 150.000 dollar AS tenor 1-12 bulan sebesar 0,75 persen. Bunga deposito valas dollar AS 150.000 sampai 1 juta dollar AS tenor 1 bulan sebesar 1 persen dan tenor 3-12 bulan 1,25 persen. Bunga deposito valas dollar AS 1 juta sampai 10 juta tenor 1 bulan sebesar 1 persen dan tenor 3-12 bulan 1,5 persen. Bunga deposito valas dollar AS lebih dari 10 juta dollar AS tenor 1 bulan sebesar 1 persen dan 3-12 bulan 1,75 persen. Seperti diketahui, kenaikan BI7DRR atau suku bunga acuan BI akan mempengaruhi kenaikan bunga deposito perbankan. Adapun BI7DRR telah naik empat kali sepanjang 2022 dengan total kenaikan 125 basis poin (bps) menjadi 5,25 persen. Baca juga: Ekonomi RI Masih Baik, BI: Kenaikan Suku Bunga Acuan Tak Harus Seagresif Negara Lain Berdasarkan catatan BI, bunga deposito perbankan tenor 1 bulan telah mengalami kenaikan 3,40 persen pada Oktober 2022 dari sebelumnya 2,89 persen pada Juli 2022. Kendati demikian, Hera mengungkapkan, BCA masih belum menyesuaikan kenaikan suku bunga acuan BI ke besaran bunga kredit perseroan. \"Hingga saat ini, kami belum menaikkan suku bunga kredit,\" tukasnya. Dengan demikian, besaran bunga kredit BCA masih mengacu pada suku bunga dasar kredit (SBDK) BCA yang berlaku hingga saat ini, yakni kredit korporasi sebesar 7,95 persen, kredit retail 8,20 persen, kredit konsumsi KPr 7,20 persen, dan kredit konsumsi non-KPR 5,96 persen. Baca juga: Soal Tarif Transaksi Rp 150.000, BCA: Itu Aksi Penipuan! Dapatkan update berita pilihan dan breaking news setiap hari dari Kompas.com. Mari bergabung di Grup Telegram \"Kompas.com News Update\", caranya klik link https://t.me/kompascomupdate, kemudian join. Anda harus install aplikasi Telegram terlebih dulu di ponsel.', 'uploads/B4.jpg', '2022-12-11', NULL, NULL, NULL),
(12350, 1, 'Daftar Lengkap Pemenang American Music Awards (AMA) 2022 ', '                	Taylor Swift berhasil meraih penghargaan tertinggi American Music Awards (AMA) 2022, Artist of the Year, dan lima piala lainnya pada Minggu (20/11) malam waktu Los Angeles. Kemenangan 6 piala AMA 2022 membuat Taylor Swift masih bertahan sebagai musisi dengan piala AMA terbanyak dalam sejarah, yaitu 40 piala. Sekaligus, Taylor Swift menjadi musisi dengan predikan Artist of the Year AMA terbanyak dalam sejarah dengan 7 kemenangan. Sementara itu, musisi dengan nominasi AMA 2022 terbanyak, Bad Bunny mengumpulkan dua piala pada tahun ini dari kategori Favorite Male Latin Artist dan Favorite Latin Album. Di sisi lain, BTS berhasil membawa pulang piala AMA untuk kategori baru, Favorite K-Pop Artist. BTS juga tahun ini membawa pulang piala AMA untuk kategori Favorite Pop Duo or Group. Dengan kemenangan dua piala AMA 2022 ini, BTS masih menjadi grup KPop dengan kemenangan piala American Music Awards terbanyak, yaitu 11 piala, dan pemenang kategori Favorite Pop Duo or Group AMA terbanyak dengan empat piala. American Music Awards 2022 yang merupakan ajang penghargaan berbasis fan-vote terbesar di dunia ini digelar pada 20 November 2022 di Microsoft Theatre, Los Angeles.', 'uploads/E6.jpg', '2022-12-12', NULL, NULL, NULL),
(12351, 3, 'Goa Selomangleng di Kediri: Jam Buka, Tiket Masuk, dan Aktivitas.', 'Goa Selomangleng di Kabupaten Kediri, Jawa Timur, wajib dikunjungi oleh wisatawan pencinta sejarah. Dilaporkan oleh Kompas.com, Minggu (19/12/2021), gua ini dulunya merupakan lokasi pertapaan sekaligus peninggalan Kerajaan Kahuripan. Berlokasi di Kecamatan Mojoroto, gua ini berjarak 5-6 kilometer dari Stasiun Kediri dengan durasi berkendara hampir 20 menit. Simak informasi seputar jam buka, aktivitas, dan harga tiket masuk ke Goa Selomangleng: Goa Selomangleng buka selama 24 jam. Dikutip dari Tribun Travel, Minggu (27/11/2022), harga tiket masuk ke Goa Selomangleng mulai dari Rp 2.000 untuk pengunjung anak dan mulai Rp 4.000 untuk pengunjung dewasa. Tidak jauh dari gua terdapat Museum Airlangga yang menerapkan harga tiket masuk mulai Rp 500 untuk pengunjung anak dan mulai Rp 1.500 untuk pengunjung dewasa. Di Goa Selomangleng, pengunjung bisa melihat beragam peninggalan kerajaan yang berada di Kediri. Salah satunya relief di dinding gua. Terdapat aneka spot foto di area gua ini, di antaranya di depan mulut gua, di atas bukit, dan di depan gerbang pura.  Pengunjung juga bisa mampir ke Museum Airlangga untuk melihat koleksi benda-benda peninggalan masa lalu, termasuk peninggalan Kerajaan Kediri dan Kerajaan Majapahit.', 'uploads/travel2.jpg', '2022-12-12', NULL, NULL, NULL),
(12352, 4, 'KONTRA Surabaya Selenggarakan KOREA Lifestyle Collection 2022', ' Korea Trade and Investment Promotion Agency (KOTRA) Surabaya menggelar KOREA Lifestyle Collection 2022 di Atrium Tunjungan Plaza, Surabaya, Jawa Timur, mulai Kamis (13/10/2022) hingga Minggu (16/10/2022).  KOREA Lifestyle Collection 2022 merupakan pameran produk-produk Korea terbesar di Jawa Timur yang digelar secara hibrida. Acara ini digelar untuk memperkuat hubungan Indonesia dan Korea Selatan dalam sektor consumer goods. Sebagai informasi, acara tersebut merupakan hasil kolaborasi KOTRA Surabaya dengan Kota Busan, Korea Tourism Organization (KTO), iStyle, serta dua importir dan distributor terkemuka di Jawa Timur, Hokky dan L’viors.  Selain berlangsung secara luring di Tunjungan Plaza, KOREA Lifestyle Collection 2022 akan hadir secara daring di platform iStyle sepanjang Oktober 2022.  Lebih dari 40 perusahaan Korea Selatan di sektor consumer goods berpartisipasi dalam acara tersebut, termasuk perusahaan yang belum pernah memiliki pengalaman ekspor atau pasar Indonesia. KOTRA memberikan dukungan kepada perusahaan-perusahaan tersebut melalui bantuan meeting secara daring dan luring, edukasi terkait distribusi melalui jaringan e-commerce, dan pemasaran online-to-offline (O2O). Selain itu, di tengah maraknya Korean wave yang masih hangat di Indonesia, KOREA Lifestyle Collection 2022 juga menggelar berbagai acara yang mengusung budaya Korea. Adapun kegiatan budaya yang dihadirkan, antara lain kompetisi lomba menari dan menyanyi Korean pop (K-pop), penampilan taekwondo dari Jaguar Taekwondo Surabaya, dan fashion workshop dari ESMOD yang menggunakan foto-foto produk dari perusahaan Korea yang berpartisipasi. Tidak hanya itu, KOTRA Surabaya juga mendukung promosi “2030 Busan World Expo”. Hal ini diwujudkan dengan mengalokasikan salah satu booth sebagai pusat promosi. Dengan begitu, berbagai perusahaan Indonesia, asosiasi, dan pengunjung dapat melihat keindahan Kota Busan.  Director General KOTRA Surabaya Kim Jun-sung mengatakan, KOREA Lifestyle Collection 2022 ini akan menjadi sebuah kesempatan yang baik bagi perusahaan-perusahaan Korea Selatan.  “Perusahaan-perusahaan Korea Selatan dapat membentuk persiapan dan strategi dalam merambah pasar Indonesia, mulai dari soal harga, desain, kemasan, serta persoalan terkait sertifikasi,” ujar Kim dalam keterangan pers yang diterima, Kamis.', 'uploads/L1.jpg', '2022-12-12', NULL, NULL, NULL),
(12353, 4, 'Sempurnakan Halal Lifestyle, Berikut Fitur Baru Shopee Barokah', 'Gaya hidup halal atau halal lifestyle mendapatkan tempat tersendiri di hati masyarakat Indonesia. Terlebih, Indonesia merupakan negara dengan populasi muslim terbesar di dunia. Kondisi tersebut membuat sejumlah produk fesyen dan kebutuhan umat muslim menjadi incaran. Hal ini pun membuka kesempatan bagi para pelaku usaha, terutama usaha mikro kecil dan menengah (UMKM), untuk mengembangkan ekonomi mandiri dari turunan industri kreatif halal.  Untuk mengoptimalkan potensi industri halal sekaligus memudahkan umat muslim di Indonesia memenuhi kebutuhannya, Shopee menggiatkan platform Shopee Barokah dengan tampilan baru. Platform tersebut dihadirkan untuk memudahkan masyarakat Indonesia untuk menemukan beragam produk yang telah bersertifikat halal dari Badan Penyelenggara Jaminan Produk Halal (BPJPH).  Direktur Shopee Barokah Bukhori Muslim mengatakan, terdapat sejumlah keistimewaan dari pembaruan platform Shopee Barokah. “Pertama, (tersedia) ribuan produk halal telah terkurasi, mulai dari fesyen, perlengkapan ibadah, makanan dan minuman, buku, perlengkapan haji dan umrah, hingga kecantikan,” ujar Bukhori, Jumat (7/10/2022).  Shopee Selain telah bersertifikat halal, Shopee Barokah juga memastikan produk-produk yang dijual di platform tersebut memiliki kualitas baik. Pasalnya, produk itu telah terkurasi berdasarkan penilaian tim Shopee.  Bukhori mencontohkan, produk kecantikan yang tersedia di Shopee Barokah tak hanya bersertifikasi halal, tetapi juga harus lolos uji kesehatan. Kemudian, Shopee juga menyiapkan transaksi jual-beli serta promosi toko yang sesuai dengan syariat Islam.  Bukhori menjelaskan, Shopee juga bekerja sama dengan berbagai mitra strategis dalam pengembangan ekosistem penunjang kebutuhan Islami guna mendorong perkembangan industri halal di Indonesia.', 'uploads/L2.jpg', '2022-12-12', NULL, NULL, NULL),
(12354, 4, 'Satu Lagi, Pusat Gaya Hidup Jakarta \"One Satrio\" Dibuka November 2022', 'Pusat gaya hidup atau lifestyle retail di Jakarta bakal bertambah lagi. Hal ini menyusul rencana pembukaan One Satrio, di Mega Kuningan, pada November 2022.  Direktur PT Jakarta Setiabudi International Tbk (JSPT) Eddy Salimah memastikan, 70 persen dari total 40 unit Tahap I One Satrio telah terisi. \"Para tenant yang mengisi adalah yang memiliki karakteristik khusus, dan kami kurasi agar sesuai dengan konsep One Satrio yang mengintegrasikan area ritel dan ruang terbuka hijau,\" tutur Eddy, Jumat (23/9/2022).  Para tenant tersebut, ungkap Eddy, di antaranya adalah Bakerman, Inferno, dan Ultramen. Baca juga: Jakarta Setiabudi International Fokus Kembangkan Residensial One Satrio Tahap I seluas 3,8 hektar secara resmi dimulai pembangunannya pada Kamis (08/07/2021). Area sewa efektif atau leaseable area dirancang seluas 9.000 meter persegi.  Presiden Direktur PT Jakarta Setiabudi Internasional Tbk Jefri Darmadi mengatakan, One Satrio adalah pengembangan gaya hidup (lifestyle) yang berisi sekitar 40 ritel dan gerai food and beverage (FnB).  \"Ritel-ritel ini beragam dan dirancang untuk menghubungkan ruang dalam dan luar ruangan dengan mulus untuk menciptakan pengalaman yang menyenangkan, aman dan sehat,\" kata Jefri seperti dikutip melalui video youtube One Satrio. Jefri menjelaskan, One Satrio menggabungkan konsep inovatif antara kehidupan kota, teknologi digital dan konsep luar ruangan (outdoor space) meliputi jogging track, tempat bermain anak-anak dan taman hewan.  Seluruhnya menyatu dalam One Satrio, melambangkan kesatuan (unity) karena merupakan tempat yang terhubung secara keseluruhan dengan integrasi tanpa batas. \"Termasuk adanya ruang hijau yang luar biasa di tengah kota yang ramai,\" imbuh Jefri.  Selain One Satrio, Jakarta juga akan diramaikan kehadiran enam ruang ritel lainnya dengan konsep pusat perbelanjaan yang akan dibuka berturut-turut mulai tahun 2022 ini.  Mereka adalah: Thamrin Nine Mixed Use di Thamrin, beroperasi tahun 2022, Holland Village Mall di Cempaka Putih, beroperasi tahun 2022, Menara Jakarta Shopping Mall di Kemayoran, beroperasi tahun 2023, Daan Mogot City di Daan Mogot, beroperasi tahun 2023, Pusat Grosir Senen Jaya di Senen, beroperasi tahun 2023, Fatmawati City Center di TB Simatupang, beroperasi tahun 2024.  ', 'uploads/L3.jpg', '2022-12-12', NULL, NULL, NULL),
(12355, 4, '7 Tempat Makan All You Can Eat di Kota Bogor, Harga Mulai dari Rp 99.000', 'Tren makan all you can eat belakangan ini menjadi populer di kalangan pecinta kuliner.  All you can eat merupakan konsep makan sepuasnya cukup sekali bayar ini biasanya akan diberikan waktu tertentu untuk menghabiskan makanan.  Jika kamu sedang berada di Bogor, dan tertarik untuk mencoba konsep makan all you can eat, kamu bisa mengunjungi tempat makan berikut ini. 1.	Hanamasa Bogor  Hanamasa beralamat di Jalan Raya Pajajaran Nomor 25, RT.03/RW.08, Babakan, Kecamatan Bogor Tengah, Kota Bogor.  Atau tepatnya berada di Amaris Hotel Pajajaran. Tempat makan ini buka setiap hari dari pukul 11.00 WIB sampai dengan 21.00 WIB.  Menu all you can eat yang ditawarkan di sini ada Yakiniku, Shabu-shabu, dan menu hidangan lainnya seperti dessert dan salad.  Paket all you can eat diberi harga mulai dari Rp 99.000.  2.	GoGrill-Ah! Bogor  GoGrill beralamat di Jalan A. Yani Nomor 89, RT.03/RW.07, Tanah Sareal, Kecamatan Tanah Sereal, Kota Bogor.  Tempat makan ini buka setiap hari, dari pukul 11.00 WIB sampai dengan 21.00 WIB. Dengan harga mulai dari Rp100.000 kamu sudah bisa menikmati menu all you can eat  seperti Shabu Grill, Wagyu Beef Bulgogi dan Korean BBQ lengkap dengan side dish seperti frozen food, sayuran, minuman dan es krim.  Waktu yang diberi untuk menghabiskan makanan adalah 90 menit.  3.	Shabu Haci Bogor  Shabu Haci beralamat di Jalan Raya Pajajaran Nomor 75, RT.01/RW.11, Baranangsiang, Kecamatan Bogor Timur, Kota Bogor.  Tempat makan ini buka setiap hari, dari pukul 11.00 WIB sampai dengan 21.00 WIB. Jika kamu ingin mengunjungi Shabu Hachi, kamu harus melakukan pemesanan tempat terlebih dahulu.  Paket regular all you can eat dibandrol seharga Rp. 225.000 per orang, dengan batasan waktu lebih kurang hingga dua jam. 4.	Pochajjang Bogor Pajajaran  Pochajjang Bogor beralamat di Jalan Raya Pajajaran Nomor 8, RT.04/RW.01, Sukasari, Kecamatan Bogor Timur, Kota Bogor.  Tempat makan ini buka setiap hari mulai dari pukul 11.00 WIB sampai dengan 21.30 WIB. Menu all you can eat di sini ada barbeque dengan berbagai macam side dish seperti Chicken Karaage, dan Japchae.  Perlu diketahui bahwas tempat ini juga mematok waktu makan sepanjang 90 menit dan akan mendenda apabila ada bahan makanan yang tidak habis.  Kamu dapat menikmati makanan sepuasnya dengan harga dibanderol mulai dari Rp 99.000.  5.	Yorichi BBQ & Shabu-Shabu  Yorichi BBQ & Shabu-Shabu beralamat di Jalan Achmad Sobana Nomor 21, RT.01/RW.02, Tegal Gundil, Kecamatan Bogor Utara, Kota Bogor.  Tempat makan ini buka setiap hari, mulai dari pukul 11.00 WIB sampai dengan 21.000 WIB.  Dengan harga mulai dari Rp 100.000, kamu bisa menikmati menu all you can eat seperti Shabu-shabu Grill dan Bulgogi Beef BBQ.  Kamu akan diberi waktu selama 90 menit untuk menghabiskan makanan.', 'uploads/L4.jpg', '2022-12-12', NULL, NULL, NULL),
(12362, 3, 'Desa Wisata Semakin Menjamur di Bogor, Total Ada 55 Desa Tahun 2022', 'Desa wisata dinilai semakin menjamur di Kabupaten Bogor, Jawa Barat. Dalam setahun terakhir tercatat ada penambahan 15 desa wisata. \"Di tahun ini jumlah desa wisata meningkat menjadi 55 desa wisata,\" kata Kepala Dinas Kebudayaan dan Pariwisata (Disbudpar) Kabupaten Bogor Deni Humaedi, dikutip dari Antara, Minggu (27/11/2022). Penambahan tersebut dinilai sebagai tren yang sekaligus menjadi target Pemerintah Kabupaten Bogor, dengan tujuan menggairahkan roda perekonomian masyarakat desa. Sementara itu, menurut Ketua Umum Asosiasi Desa Wisata Kabupaten Bogor Denni Amarullah, desa wisata terus bermunculan setiap tahun. Pada tahun 2019, tercatat ada 25 desa. Jumlah tersebut kian bertambah pada tahun 2020 menjadi 35 desa dan kemudian pada 2021 menjadi 40 desa.  Ia berpendapat bahwa pengembangan desa bisa dilakukan melalui pelestarian alam dan kemudahan akses menuju kawasan. ', 'uploads/travel1.jpg', '2022-12-18', NULL, NULL, NULL),
(12363, 3, 'Uni Emirat Arab Wajibkan Turis Cantumkan Nama Lengkap di Paspor', 'Wisatawan yang ingin liburan ke Uni Emirat Arab (UEA) diimbau memperhatikan syarat paspor terbaru terkait penamaan, tepatnya soal wajib terisinya kolom first name/given name (nama depan) dan surname (nama keluarga). Pihak maskapai penerbangan Air India, Rabu (23/11/2022), mengumumkan bahwa pemegang paspor yang namanya hanya terdiri dari satu kata di kolom surname atau given name tidak akan diterima oleh pihak imigrasi UEA. \"Dan penumpang (tersebut) juga akan dianggap sebagai inadmissible passenger (penumpang yang tidak diterima atau INAD),\" bunyi pengumuman dari Air India berdasarkan imbauan dari National Advance Information Center (NAIC) UAE, dikutip Minggu (27/11/2022). Adapun contohnya adalah bila pemegang paspor hanya mengisi kolom given name dengan nama Praveen, dan mengosongkan kolom surname. Begitu pun sebaliknya, bila pemegang paspor hanya mengisi kolom surname dengan nama Praveen, dan mengosongkan kolom given name. Pelaku perjalanan yang melakukan hal itu tidak akan diberikan visa. Jika visa sudah diberikan sebelumnya, maka pelaku perjalanan tersebut akan dianggap INAD oleh pihak imigrasi. Prosedur penamaan di paspor ini tentu akan memengaruhi wisatawan yang namanya hanya terdiri dari satu kata. ', 'uploads/travel3.jpg', '2022-12-18', NULL, NULL, NULL),
(12364, 3, 'Bisakah Wisatawan Beli Keris Asli Sebagai Suvenir', 'Keris suvenir yang kerap ditemukan sebagai cinderamata dan pelengkap busana, pada hakekatnya tidak bisa dikatakan sebagai keris, melainkan benda menyerupai keris. Sebab keris suvenir umumnya tidak memiliki dua unsur utama, yakni besi dan pamor (meteorit, siderit, dan aerolit), yang harus ada dalam benda warisan Nusantara ini. \"Kan ada juga keris suvenir yang tujuannya bukan untuk pusaka, bukan untuk seni, melainkan untuk oleh-oleh, itu kan bisa dibuat dari besi yang dicor, atau logam yang dipanaskan hingga cair, lalu dituang dan dibentuk, dirapikan dengan gerindra hingga bentuknya menyerupai keris,\" ujar Pengamat Keris Dayu Handoko. Pernyataan itu ia sampaikan di pameran \"Keris Indonesia for Peace and Humanity,\" di Jakarta Pusat, Selasa (22/11/2022).', 'uploads/travel5.jpg', '2022-12-18', NULL, NULL, NULL),
(12365, 3, 'Jalur Puncak Bogor Sudah Buka, Pengendara Tetap Diimbau Lewat Jonggol', 'Jalur menuju Cianjur via Puncak Bogor sudah dibuka dan bisa dilalui kendaraan. Sebelumnya, jalur sempat tertimbun longsor sebagai dampak gempa Cianjur berkekuatan 5,6 skala richter (SR) pada Senin (21/11/2022). Sebagaimana diberitakan Kompas.com, Selasa (22/11/2022), Sekretaris Badan Penanggulangan Bencana Daerah (BPBD) Cianjur Rudi Wibowo mengatakan, kendaraan dari kedua arah sudah bisa mengakses jalan tersebut. Namun, pengendara harus tetap diharuskan berhati-hati karena kondisi ruas jalan yang masih licin. Meski jalur ke puncak sudah buka, pengendara yang mau ke Bandung masih diimbau agar lewat jalan alternatif Jonggol-Cariu. \"Bagi masyarakat yang mau ke Bandung diminta lewat Jonggol-Cariu,\" kata Sekretaris Dinas Kebudayaan Pariwisata Kabupaten Bogor Achmad Sofyan, saat dikonfirmasi Kompas.com, Sabtu (26/11/2022). Sedangkan untuk akses dari Jakarta menuju Puncak Bogor, sambung Sofyan, sudah seperti biasa, buka tutup menuju Puncak Cisarua. ', 'uploads/travel6.jpg', '2022-12-18', NULL, NULL, NULL),
(12366, 3, 'Yogyakarta Jadi Lokasi ASEAN Tourism Festival, Diharapkan Jadi Investasi Wisata', 'ASEAN Tourism Festival (ATF) akan digelar pada 2 hingga 5 Februari 2023 di Daerah Istimewa Yogyakarta (DIY). Sesuai dengan namanya, gelaran ATF ini rencananya akan diikuti oleh negara-negara kawasan Asia Tenggara (ASEAN). Dinas Pariwisata DIY menyiapkan berbagai kesenian untuk ditampilkan keapda tamu-tamu ATF, selain itu juga menggelar pameran ekonomi kreatif yang ada di Yogyakarta. Kepala Dinas Pariwisata DIY Singgih Raharjo menjelaskan, ATF yang akan digear di DIY memiliki dua agenda. \"Pertemuan antar menteri akan digelar di Hotel Marriot. Nanti mereka berdiskusi, dan mungkin ada deklarasi yang terkait dengan perkembangan pariwisata dan ekonomi kreatif,\" ucap dia, Sabtu (26/11/2022). Agenda kedua adalah Travel Exchange yang akan dipusatkan di Jogja Expo Center (JEC). Dalam travel exchange ini, ada dua sub agenda di dalamnya, yakni bussiness to consumers (b to c) dan B to B (business to business). \"B to C itu pameran untuk masyarakat dan delegasi untuk umum. Kalau B to B diperuntukkan bagi delegasi saja. Di situ akan ditampilkan para travel agent, hotel, desa wisata yang jual paket wisatanya,\" Jelas Singgih.', 'uploads/travel8.jpg', '2022-12-18', NULL, NULL, NULL),
(12367, 3, 'Sail Tidore Expo 2022, Ajang Promosi Wisata Urban dan Alam Kepulauan Seribu', 'Gelaran Sail Tidore Expo 2022 yang berlangsung pada 24-29 November 2022, dimanfaatkan sebagai ajang promosi wisata urban dan wisata alam Kepulauan Seribu, oleh Dinas Pariwisata dan Ekonomi Kreatif (Disparekraf) DKI Jakarta. Mengangkat tema \"Tidore Kota Warisan Dunia, Perekat Bangsa-bangsa,\" acara ini dilaksanakan di kawasan Pantai Wisata Tugulufa, Tidore Kepulauan, Maluku Utara.  Pada acara ini, Disparekraf DKI Jakarta menampilkan Kepulauan Seribu sebagai destinasi wisata primadona yang ditawarkan kepada dunia. \"Kini berlibur di Kepulauan Seribu menjadi pilihan yang bersaing karena semua kebutuhan dasar wisatawan terpenuhi di sana. Mulai dari air, listrik, hingga internet,\" ucap Kepala Dinas Pariwisata dan Ekonomi Kreatif Provinsi DKI Jakarta, Andhika Permata dalam laman resmi PPID Jakarta, Jumat (25/11/2022). Menurut Andhika, Kepulauan Seribu juga menjadi destinasi yang tepat bagi mereka yang ingin merasakan sensasi bekerja sambil berlibur atau kerap disebut digital nomad. Seperti diketahui, beberapa tahun belakangan Kepulauan Seribu mengalami perkembangan yang amat pesat. Mulai dari pemenuhan hak-hal dasar seperti kebutuhan pokok, air, dan listrik hingga aspek pariwisatanya dengan meluncurkan Digital Nomad Island Mei lalu. Sebagai informasi, Kepulauan Seribu masuk dalam 13 proyek baru yang ditetapkan sebagai Proyek Strategis Nasional (PSN). Hal ini sebagaimana diatur dalam Peraturan Menteri Koordinator Bidang Perekonomian Nomor 9 Tahun 2022 Tentang Perubahan Atas Peraturan Menteri Koordinator Bidang Perekonomian Nomor 7 Tahun 2021 Tentang Perubahan Daftar Proyek Strategis Nasional (PSN).', 'uploads/travel9.jpg', '2022-12-18', NULL, NULL, NULL),
(12368, 3, 'Jalan Yogyakarta-Wonosari Sudah Buka Lagi, tapi Buka-Tutup Jalur', 'Polisi membuka kembali Jalan utama Yogyakarta -Wonosari setalah longsor di Km 16, tepatnya di Kapanewon atau Kecamatan Piyungan, Bantul, DI Yogyakarta pada Sabtu (26/11/2022) dinihari. \"Betul sudah dibuka kembali. Tengah malam, selesai pembersihan langsung dibuka,\" Kata Kasi Humas Polres Bantul Iptu I Nengah Jeffry Prana Widyana saat dihubungi melalui telepon Sabtu. Ia melanjutkan, buka tutup kendaraan masih berlaku karena proses perbaikan tanah longsor di Padukuhan Plesedan, Srimartani, Piyungan, Bantul, masih perbaikan longsor atau amblas yang terjadi Sabtu (29/10/2022).\"Untuk buka tutup masih berlaku karena perbaikan longsor sebelumnya,\"kata dia.  Kasatlantas Polres Gunungkidul AKP Antonius Purwanta membenarkan info buka-tutup jalur itu. pihaknya mengimbau kepada masyarakat ataupun wisatawan yang akan berkunjung ke Gunungkidul untuk berhati-hati. \"Sudah kembali dibuka Sabtu dini hari. Setelah petugas berhasil membersihkan meterial longsoran,\" kata Kasatlantas. Pihaknya pun mengimbau pengendara untuk tetap berhati-hati dan mematuhi peraturan lalu lintas. ', 'uploads/travel10.jpg', '2022-12-18', NULL, NULL, NULL),
(12369, 4, '5 Tanda-tanda Stroke pada Wanita yang Kerap Diabaikan', 'Penyakit stroke pada wanita dapat ditandai dengan beberapa kondisi yang mirip dengan gejala penyakit lainnya sehingga kerap diabaikan.   Sebagaimana diketahui, stroke merupakan penyakit yang terjadi ketika pasokan darah ke otak berkurang.  Kondisi ini lantas mengakibatkan otak tidak mendapat oksigen serta nutrisi. Stroke disebabkan karena 2 hal yaitu, penyumbatan pembuluh darah arteri (stroke iskemik) dan pecahnya pembuluh darah (stroke hemoragik).  Penyakit stroke memang sering terjadi dengan tiba-tiba dan tidak disadari sehingga membuat penderitanya mengalami kondisi fatal seperti lumpuh hingga kematian.  Padahal sebelum serangan stroke terjadi, seseorang mungkin mengalami beberapa gejala umum, di antaranya: Mati rasa atau sulit gerak di area wajah, lengan, kaki.  Kondisi ini biasanya terjadi di satu bagian tubuh tertentu. Linglung, sulit diajak berkomunikasi, susah berbicara Tidak seimbang saat berjalan Pandangan kabur (bisa di satu atau kedua mata).  Sementara itu, ada beberapa gejala khusus jika stroke terjadi pada wanita. Berikut 5 tanda-tanda stroke pada wanita yang mungkin cenderung diabaikan.  1.	Pingsan  Pingsan dapat disebabkan oleh banyak hal, seperti kelelahan, pusing, tekanan darah rendah, dan kehamilan.  Tak cuma itu, pingsan ternyata dapat menandai gejala awal stroke.  Ketika aliran darah terganggu atau tersumbat, seseorang berpotensi kehilangan kesadaran.  Karena itu, kita sebaiknya mencari tahu alasan atau penyebab pingsan dengan periksa ke dokter 2.	Vertigo  Menurut National Stroke Association (NSA), vertigo yang kerap ditandai dengan mual dan pusing adalah gejala stroke yang jarang terjadi pada pria, tapi wanita dapat mengalami kondisi ini. Pusing dan mual mungkin sering diabaikan karena dianggap sebagai gejala penyakit lain, seperti keracunan makanan atau flu.  Padahal, vertigo bisa jadi tanda-tanda stroke batang otak. Untuk memastikan kondisi Anda, segera kunjungi fasilitas layanan kesehatan untuk periksa.    3.	Kejang  Stroke sangat mematikan karena dapat dengan cepat menyebabkan kerusakan otak.  Salah satu tanda bahwa otak mengalami kerusakan ialah kejang yang terjadi secara tiba-tiba.  4.	Sakit kepala kronis Seorang wanita bisa saja mengalami sakit kepala kronis yang tak kunjung reda sebagai bagian dari gejala stroke.  Umumnya, mereka mengeluhkan kepalanya yang sangat berat dan nyeri seperti dihantam sesuatu.  Dilansir dari Womens Health, sakit kepala kronis meningkatkan risiko kematian akibat stroke.    5.	Cegukan yang tak kunjung berhenti  Cegukan dapat diartikan dengan adanya masalah pada diafragma seseorang. Ada beberapa kemungkinan penyebab timbulnya cegukan pada seseorang, seperti kesalahan makan, stres, hingga penyakit medis lainnya Perlu diketahui oleh para wanita, cegukan ternyata bisa menjadi tanda-tanda stroke.  Menurut jurnal yang diterbitkan dalam Journal of Neurology and Neurophysiology, cegukan yang terus menerus dan tidak dapat dihentikan wajib Anda waspadai.', 'uploads/L5.jpg', '2022-12-18', NULL, NULL, NULL),
(12370, 4, 'Perbedaan Tepung Tapioka dan Tepung Kanji, Jangan Tertipu!', 'Tepung tapioka dan tepung kanji seringkali menjadi bahan pengental kue dan masakan. Kedua jenis tepung ini pasti sering kamu dengar namanya, bukan? Namun, masih sedikit yang mengetahui perbedaan tepung tapioka dan kanji.  Yuk, kita pelajari bersama di sini! Perbedaan Tepung Tapioka dan Tepung Kanji Tepung tapioka dan tepung kanji merupakan tepung yang sama. Keduanya hanya berbeda nama saja.  Tepung tapioka dan tepung kanji merupakan tepung yang terbuat dari sari pati singkong atau ketela pohon. Tepung tapioka atau tepung kanji mempunyai nama lain yakni tepung aci.  Tepung aci menjadi sebutan tapioka di daerah Jawa Barat khususnya bagi masyarakat Sunda.  Cara Membuat Tepung Tapioka dan Tepung Kanji Cara membuat tepung tapioka dan tepung kanji yaitu singkong atau ketela pohon diparut hingga halus.  Kemudian, singkong yang telah diparut disaring. Air saringan ini lalu didiamkan selama beberapa jam hingga pati singkong mengendap.  Apabila pati sudah mengendap, airnya dibuang dan pati yang masih basah dikeringkan dengan cara dijemur atau dioven.  Pati kering awalnya berbentuk kasar. Tak sampai disitu, pati kering lalu dihaluskan hingga menjadi tepung yang halus dan disebut sebagai tepung tapioka atau tepung kanji.  Kegunaan Tepung Tapioka dan Tepung Kanji Tepung tapioka dan kanji sering kali menjadi bahan dasar untuk pembuatan berbagai macam makanan. Tepung tapioka biasanya menjadi bahan pembuatan kue tradisional seperti cenil, cilok, cimol atau pempek.  Selain itu, tepung tapioka atau kanji juga digunakan sebagai bahan dasar pembuatan kue kering dan kerupuk.  Tepung tapioka atau kanji ini bisa digunakan sebagai pengental tumisan. Hal ini dikarenakan ciri khasnya yang bening dan mengental saat dipanaskan.  Tepung tapioka cocok digunakan sebagai pengganti tepung maizena. Apabila kamu ingin mengentalkan tumisan seperti capcay, bisa menggunakan sedikit tepung tapioka sebagai gantinya.', 'uploads/L6.jpg', '2022-12-18', NULL, NULL, NULL),
(12371, 4, 'Fakta Seputar Uban, Benarkah Stres Penyebabnya?', 'Seiring bertambahnya usia, rambut akan berubah. Rambut putih mendominasi, bahkan tak lagi terlihat warna hitam.  Ya, perbicangan tentang rambut putih belakangaan kembali mengemuka, setelah Presiden Joko Widodo dalam sebuah kesempatan akhir pekan lalu menuturkan ciri-ciri pemimpin yang memikirkan rakyat.  Pada kesempatan itu, Jokowi menyebut, selain keriput di wajah, ciri pemimpin yang dia maksud adalah berambut putih. Sesungguhnya, rambut putih muncul di saat folikel rambut tidak lagi menghasilkan melanin dan ini hal yang wajar. Melanin, pigmen cokelat, hitam atau kuning dan merah yang mewarnai kulit dan mata, juga menentukan rona rambut. \"Jumlah dan kombinasi melanin menentukan warna rambut,\" kata dokter kulit Wilma Bergfeld, MD.  Namun, beberapa ilmuwan memiliki pendapat berbeda. Melanin kemungkinan sudah berevolusi untuk membantu agar seseorang terlihat lebih menonjol daripada orang lain, serta untuk menarik perhatian lawan jenis.  Juga, melanin berfungsi mengatur suhu tubuh dengan menyerap atau memantulkan sinar matahari.', 'uploads/L7.jpg', '2022-12-18', NULL, NULL, NULL),
(12372, 4, 'Parenting Tumbuh bersama kekuatan mimpi perempuan Indonesia Menebus Rasa Bersalah Ibu Bekerja kepada', 'Narasumber: Psikolog Keumala Nuranti, M. Psi.,  Pertanyaan: Halo, saya ibu bekerja dari balita berusia 3 tahun. Kadang ada rasa bersalah yang muncul karena tidak hadir dalam banyak waktu tumbuh kembang di tiga tahun pertamanya. Bagaimana dan melalui cara apa saja ya cara mengusahakan quality time sebelum dan sesudah pulang kantor dengan anak saya? Terima kasih. Nadia - Jakarta  Jawaban : Halo, Mom. Sebagai ibu bekerja, pasti ada rasa bersalah karena tidak bisa hadir sepenuhnya pada perkembangan anak. Padahal salah satu tujuan kita bekerja adalah demi memberikan yang terbaik untuk anak. I feel you :). Baca juga: Ibu Bekerja Perlu Dukungan dari Berbagai Pihak Lihat Foto Keumala Nuranti, M. Psi., Psikolog(Dok Pribadi) Untuk mengatasi rasa bersalah tersebut, baiknya kita selalu hadir untuk anak ketika kita sedang tidak bekerja. Jika masih harus membagi waktu untuk urusan rumah tangga, kita bisa melibatkan anak dalam urusan rumah tangga tersebut, seperti menyiapkan makanan bersama dan membersihkan rumah bersama. Selain itu, sediakan waktu untuk berkomunikasi dengan anak, dimana anak bisa menceritakan aktivitasnya di hari itu dan kita juga menceritakan kegiatan kita di hari tersebut. Dengan begitu, anak tetap merasakan perhatian kita walaupun dalam keseharian ia melakukan aktivitas yang ia ceritakan tersebut bersama orang lain dan anak juga merasa menjadi bagian penting dari hidup kita karena kita juga mau bercerita kepada anak, kita juga harus bekerja sama dengan pasangan untuk memastikan bahwa anak tetap menjadi prioritas walaupun kedua belah pihak sama-sama bekerja. Kompromikan waktu untuk quality time bersama dan anak yang jadi pusat perhatian kita dan pasangan.  Good luck, Mom!  Psikolog : Keumala Nuranti, M. Psi.,  Psikolog Tempat praktik : Dealink Consultant', 'uploads/L9.jpg', '2022-12-18', NULL, NULL, NULL),
(12373, 4, 'Didiet Maulana dan Iyonono Tampilkan Tenun Sikka di Pendopo', 'Kain tenun merupakan salah satu dari dari sekian warisan nenek moyang di Kabupaten Sikka, Pulau Flores, Nusa Tenggara Timur yang dibuat secara tradisional. Meski dibuat secara tradisional, kain tenun sikka dengan beragam motif itu memiliki nilai seni yang tinggi, cantik, dan indah. Proses pembuatan kain tenun warisan budaya di Sikka ini melewati sejumlah tahap yang membutuhkan waktu berbulan-bulan. Untuk menghasilkan satu kain tenun, penenun membutuhkan kesabaran dan ketekunan. Hasilnya, tenun Sikka menjadi karya seni yang berharga. Sayang tidak semua orang mengenal jenis tenunan ini. Nah, untuk menjaga wariyan budaya tenun Sikka, Pendopo, merek usaha Kawan Lama Group yang menjadi rumah bagi UMKM lokal, berkolaborasi dengan Iyonono, perancang busana muda yang berfokus pada pemberdayaan ibu rumah tangga, dan Didiet Maulana, perancang busana dan pegiat wastra nusantara. Ketiga pihak ini menggelar Peragaan Busana Sikka di Pendopo, Living World Alam Sutera, Tangerang, Rabu, 23 November 2022. Lihat Foto Koleksi Ikat Indonesia by Didiet Maulana() Peragaan busana ini memamerkan 58 koleksi pakaian berbahan utama kain tenun ikat Sikka, hasil program pendampingan masyarakat yang dilakukan Pendopo sejak September 2021 di Kabupaten Sikka, NTT. Tasya Widya Krisnadi, Direktur Pendopo, menjelaskan, “Sesuai dengan visi Pendopo untuk memelihara kekayaan budaya Indonesia, kami mewujudkannya melalui tiga fokus utama Pendopo, yaitu pengembangan produk, kolaborasi dengan para pengrajin lokal, lalu memperkenalkannya pada publik.\" \"Salah satu contohnya adalah peragaan busana yang diadakan untuk memperkenalkan keindahan tenun ikat Sikka kepada masyarakat di Indonesia. Tidak hanya melalui cara pakai tradisional yang dililit ke tubuh, kami juga mengajak desainer muda Iyonono dan Mas Didiet Maulana untuk ikut mengkreasikan kain tenun ini sehingga dapat mengikuti selera masa kini.\" \"Harapannya, masyarakat tidak hanya sekadar mengenal, tapi juga dapat memakai kain indah ini untuk dipakai sehari-hari,” tutur Tasya.', 'uploads/L10.jpg', '2022-12-18', NULL, NULL, NULL),
(12374, 5, 'Lippo Group Buka Suara Soal Tuntutan Konsumen Proyek Meikarta', 'Tbk (LPCK) angkat suara menjelaskan perihal tuntutan sejumlah konsumen Meikarta dengan menggelar demonstrasi di Gedung DPR beberapa waktu lalu. Konsumen meminta pengembalia uang. Meikarta merupakan salah satu proyek dari entitas asosiasi perseroan PT Mahkota Sentosa Utama (MSU). Sebelumnya pada 5 Desember 2022 lalu, sekitar 100 orang yang tergabung dalam Perkumpulan Komunitas Peduli Konsumen Meikarta (PKPKM) berunjuk rasa di depan Gedung DPR/MPR Jakarta. Kedatangan mereka berharap DPR turut mencari solusi gagalnya tahapan serah terima unit apartemen Meikarta dan menuntut uangnya dikembalikan. Sekretaris PT Lippo Cikarang Tbk, Veronika Sitepu menjelaskan, aksi demonstrasi karena ada permintaan memenuhi hal yang berbeda dari kesepakatan perdamaian yang disahkan (homologasi) berdasarkan Putusan No. 328/Pdt.Sus- PKPU/2020/PN.Niaga Jakarta Pusat tertanggal 18 Desember 2020 yang telah berkekuatan hukum tetap (inkracht van gewijsde) pada 26 Juli 2021. “PT MSU senantiasa memenuhi komitmennya dan menghormati Putusan Homologasi yang mengikat bagi MSU dan seluruh krediturnya, termasuk pembeli,” ujar Veronika dalam keterbukaan informasi Bursa Efek Indonesia (BEI), dikutip Selasa (13/12/2022). Dikatakan jika MSU juga sudah menginformasikan hasil putusan homologasi itu kepada seluruh pembeli yang belum menerima unit. Pelaksanaan hasil putusan sudah dijalankan dalam bentuk serah terima unit secara bertahap sejak Maret 2021 lalu. Dalam putusan homologasi juga disepakati penyerahan unit akan dilakukan secara bertahap sampai dengan 2027. Beberapa pembeli telah berupaya menempuh jalur hukum dengan mengajukan gugatan perdata, namun pengadilan tetap memutuskan bahwa putusan homologasi yang harus dihormati dan dilaksanakan oleh para pihak.', 'uploads/b5.jpg', '2022-12-18', NULL, NULL, NULL),
(12375, 5, 'Gandeng PTBA, RMKE Tingkatkan Penjualan Batu Bara 2,5 Lipat', 'PT RMK Energy Tbk (RMKE) melalui anak usahanya PT Royaltama Mulia Kencana (RMUK) telah menandatangani nota kesepahaman atau MoU dengan PT Bukit Asam (PTBA) untuk melakukan kolaborasi penjualan batu bara. Kolaborasi ini bakal meningkatkan penjualan batu baru hingga 2,5 lipat pada tahun 2026 mendatang. \"Kolaborasi dan sinergi bersama PTBA dan PT KAI yang saat ini telah berjalan dengan baik, mengakomodasi RMKE untuk dapat meningkatkan volume jasa logistik hingga 70 persen dan penjualan batu bara hingga 2,5 kali lipat pada tahun 2026 jika dibandingkan dengan target tahun ini,\" ujar Direktur Operasional Perseroan, William Saputra usai melakukan penandatanganan MoU di Meeting Room 1&2, The Residence On Five, Lantai 5, Grand Hyatt Jakarta, Jalan MH Thamrin, Jakarta, Jumat (16/12/2022). Diketahui, target penjualan batu bara PT RMKE tahun 2022 adalah sebesar 2,26 juta ton dengan target untuk volume angkutan batu bara sebesar 7,82 juta ton. Target ini jauh lebih besar dibandingkan Tahun 2021, yakni 1,63 juta untuk penjualan batu bara dan 5,96 juta ton untuk volume angkutan batu bara. Dengan kolaborasi dengan PTBA, PT RMKE menargetkan penjualan 5 juta ton batu bara setiap tahunnya di Tahun 2026 dan volume angkut sebesar 20 juta ton batu bara.', 'uploads/b6.jpg', '2022-12-18', NULL, NULL, NULL),
(12376, 5, 'Proyek Smelter Nikel USD 50 Juta Dibangun di Luwu Timur', 'PT Indo Nickel Industri bekerjasama dengan Pinggao Group Company Limited bersepakat membangun smelter nikel di Luwu Timur, Sulawesi Selatan. Nilai proyek ini mencapai USD 50 juta. Kesepakatan ini ditandai dengan penandatanganan pembangunan Rotary Kiln Electric Furnace (RKEF) Nickel Smelter Project  Indonesia–Engineering Procurement and Construction Contract – untuk pembangunan proyek smelter nikel di Kecamatan Malili, Kabupaten Luwu Timur, Provinsi Sulawesi Selatan, pada Jumat, 16 Desember 2022. Penandatanganan kontrak dilakukan Direktur Utama PT Indo Nickel Industri (INI) Helmut Hermawan dengan Direktur Utama Pinggao Group Co. Ltd. Cao Mingxiang yang disaksikan sejumlah pejabat dari pemerintah kabupaten setempat serta pimpinan DPRD Kabupaten Luwu Timur, Provinsi Sulawesi Selatan. Menurut Helmut penandatanganan kerjasama ini mengawali rangkaian pembangunan projek kerjasama pembangunan RKEF smelter nikel senilai lebih dari USD 50 juta, untuk merealisasikan program hilirisasi dengan kapasitas 1 X 36 ribu KVA (setara 36 Mega Volt Ampere (MVA)). Setelah penandatanganan, diharapkan akan dilakukan proses peletakan batu pertama (ground breaking) proyek, yang akan dilakukan di bulan Desember ini, atau selambat-lambatnya pada Januari 2023. Diharapkan proses konstruksi pembangunan smelter akan berlangsung selama 18 bulan setelahnya. “Dalam upaya mendukung program hilirisasi yang dicanangkan pemerintah, kami tidak hanya membuka tambang nikel di Malili, Luwu Timur saja, namun saat ini kami membangun smelter menggandeng kerjasama dengan pihak investor Pinggao Co. Ltd. yang telah berpengalaman di bidang industri elektrik sejak tahun 1970,” papar Helmut. Dengan menggandeng Pinggao Group selaku perusahaaan kontraktor Engineering Procurement and Construction (EPC), maka nantinya biji nikel (nickel ore) yang selama ini ditambang di Malili, akan langsung diolah menjadi Feronikel dengan kadar Nikel (Ni) 10% sampai 12% dengan kapasitas 64 ribu ton Feronikel setiap tahunnya.', 'uploads/b7.jpg', '2022-12-18', NULL, NULL, NULL),
(12377, 5, 'Incar Pendapatan Rp4 Triliun, Plastik dan Minuman Bergula Bakal Kena Tarif Cukai di 2023', 'Pemerintah memastikan pengenaan tarif cukai untuk plastik dan minuman berpemanis dalam kemasan (MBDK) pada tahun 2023 mendatang. Hal itu tertuang dalam Peraturan Presiden (Perpres) Nomor 130 tahun 2022 tentang Rincian Anggaran Pendapatan dan Belanja Negara (APBN) Tahun Anggaran 2023 telah resmi diterbitkan oleh Presiden Joko Widodo (Jokowi). Pada bagian target penerimaan, terdapat rincian ihwal target penerimaan cukai dari plastik dan minuman bergula dalam kemasan. Jokowi menargetkan penerimaan cukai dari kedua pos itu bisa menyentuh Rp4,06 triliun. \"Pendapatan cukai produk plastik ditargetkan Rp980 miliar, pendapatan cukai minuman bergula dalam kemasan Rp3,08 triliun,\" demikian dikutip dari Beleid Perpres 130/2022, Rabu (14/12/2022). Baca juga: Sri Mulyani: Kenaikan Cukai Rokok 10% Akan Berlaku Januari 2023 Untuk diketahui, di dalam Undang-Undang Cukai nomor 39 tahun 2007 disebutkan bahwa salah satu karakteristik barang yang dapat dikenakan cukai adalah barang yang apabila dikonsumsi berlebihan dapat menimbulkan dampak negatif bagi konsumen. Mengutip tulisan Tri Muhartini dari Divisi Public Health PKMK UGM yang diterbitkan di laman kebijakankesehatanindonesia.net, cukai MBDK sudah mulai dikaji sejak tahun 2020 silam menjadi pilihan strategis pemerintah. Pasalnya, dampak kesehatan yang dihasilkan cukup besar terhadap penanganan prevalensi penyakit dengan beban biaya tinggi, utamanya penyakit tidak menular seperti diabetes dan gagal jantung. Baca juga: Bahaya di Balik Minuman Boba, Kenaikan Berat Badan hingga Diabetes Sementara itu, selain plastik dan minuman manis, dalam Perpres 130/2022 Jokowi juga mematok target pendapatan dari sejumlah jenis cukai pada 2023. Sejumlah jenis cukai penarikannya telah berlaku yakni cukai hasil tembakau (CHT) yang ditarget Rp232,58 triliun, cukai etil alkohol Rp136,9 miliar, dan minuman mengandung etil alkohol Rp8,6 triliun.', 'uploads/b8.jpg', '2022-12-18', NULL, NULL, NULL);
INSERT INTO `berita` (`id_berita`, `id_kategori`, `judul`, `isi`, `sampul`, `tanggal`, `id_comment`, `id_user`, `id_konten`) VALUES
(12378, 1, 'Lee Seung Gi Buka Suara Tanggapi Konflik dengan Hook Entertaintment', 'Solopos.com, SOLO-Selebritas Korea Selatan Lee Seung Gi akhirnya secara langsung membuka suara soal konflik dengan mantan agensinya Hook Entertaintment terkait tidak adanya pembayaran royalti atas karya musik selama 18 tahun berkarier. Simak ulasannya di kabar artis Korea kali ini. Melalui unggahannya di media sosial Instagram @leeseungi.official, Jumat (16/12/2022), ia dengan tegas menyatakan tetap melanjutkan kasus hukum dengan mantan agensinya itu. Melansir Soompi, Jumat, Lee Seung Gi mengungkapkan pendapatnya melalui unggahan di akun media sosialnya tersebut. Unggahan itu sekaligus juga menjadi tanggapan setelah agensi Hook Entertaintment mengklaim sudah membayar royalti yang belum dibayarkan kepada Lee Seung Gi selama 18 tahun berkarier tersebut.   “Alasan mengapa saya mengajukan gugatan terhadap Hook bukan karena royalti yang belum dibayarkan. Kerja keras dan keringat seseorang tidak boleh disalahgunakan oleh keserakahan orang lain. Saya pikir menyelesaikan misi ini adalah langkah terbaik yang bisa saya lakukan,” ungkap Lee Seung Gi dikutip dari Antara pada Jumat (16/12/2022). Dengan emosi yang bercampur aduk, ia mengatakan akan terus berjuang hingga mendapatkan keadilan di meja hijau. Buka suara, Lee Seung Gi kecewa dengan langkah Hook Entertaintment yang tiba-tiba mengirimkannya sejumlah uang bernilai 5 miliar Won (Rp59,8 miliar). Dana dianggap sebagai kompensasi untuk royalti yang tidak dibayarkan selama ini. Meski memiliki nominal besar, Lee Seung Gi berpendapat mantan agensinya terkesan mengecilkan masalah. “Mereka mencoba menyelesaikan kasus ini secara sepihak dengan dalih membayar penghasilan yang belum dibayar,” ujarnya. Di tengah masalah tersebut, menariknya Lee Seung Gi mengeluarkan pernyataan bahwa hasil perjuangannya terkait royalti karya musiknya akan disumbangkan untuk gerakan sosial. Dimulai dengan dana berjumlah 5 miliar won tersebut ia akan mendonasikannya kepada masyarakat yang membutuhkan. Mulai pekan depan, ia akan berjumpa dengan sejumlah badan amal untuk memutuskan lebih spesifik donasi tersebut akan disalurkan melalui kanal apa. Ia menutup pernyataannya itu dengan berterima kasih kepada seluruh penggemar dan orang-orang yang mendukung langkahnya selama ini. “Terima kasih untuk sekali lagi membuat saya merasa bahwa saya adalah seseorang yang dicintai. Saya akan mengembalikan cinta itu setidaknya sedikit dengan memberikan kembali kepada masyarakat,” tutup Seung Gi. ', 'uploads/e15.jpg', '2022-12-18', NULL, NULL, NULL),
(12379, 1, 'Amanda Manopo Tulis Kalimat Lelah Secara Mental', 'Solopos.com, SOLO-Kabar artis datang dari Amanda Manopo yang tiba-tiba menuliskan kalimat lelah secara mental meski secara fisik selalu tersenyum. Pemeran Andin di sinetron Ikatan Cinta ini mengeluh di Instagram Story pada Jumat (16/12/2022). Amanda Manopo memang tidak secara langsung bahwa dirinya sedang lelah. Namun mantan kekasih Billy Syahputra ini mengunggah sebuah gambar yang berisi quotes dalam bahasa Inggris. “Emotionally I’m done. Mentally I’m drained. Spiritually I’m dead. Physically I smile,” demikian bunyi quotes tersebut. Bila diartikan dalam bahasa Indonesia maka menjadi, “Secara emosi aku muak. Secara mental aku lelah. Secara spiritual aku (seperti) mati. Secara fisik aku tersenyum. ”Sebelum ini, Amanda Manopo sempat mengucapkan kata perpisahan untuk Instagram. Namun, perempuan 23 tahun ini tidak menjelaskan alasannya. “Bye-bye Instagram,” unggah Amanda Manopo pada saat itu.  Tidak diketahui secara pasti apakah Amanda Manopo benar-benar merasakan lelah secara mental atau tidak. Namun yang jelas, lawan main Arya Saloka di Ikatan Cinta ini kerap menuai hujatan warganet. Hal ini dipicu adanya kabar miring dirinya menjadi orang ketiga dalam rumah tangga Arya Saloka. Sejak muncul isu itu, apapun yang dilakukan Amanda Manopo jadi sorotan dan bahan hujatan warganet. Seperti saat dia menjadi bridesmaid di pernikahan Glenca Chysara dan Rendi Jhon pada Minggu (20/11/2022) di Hotel Ritz-Carlton Mega Kuningan. Melihat berbagai video yang beredar di media sosial, Amanda Manopo mengenakan gaun berwarna krem panjang dengan berbelahan dada rendah dan sleeveless. Gaun tersebut juga bermodel slit dengan belahan setinggi paha yang memperlihatkan kaki jenjang Amanda Manopo. Warganet pun ramai-ramai menyerbu Instagram Amanda Manopo. Mereka menumpahkan kekecewaan mereka terhadap model gaun itu. “Sbg fans ic , amat sangat kecewa liat baju yg terlalu seksi dipesta glenca, maaf ya ini hanya bentuk kekecewaan sbg fans Amanda,” tulis @karminijustri di salah satu unggahan Instagram @amandamanopo seperti dikutip pada Jumat (16/12/2022). “Mbak Manda seneng deh kalo berpakaian nya yg sopan anggun elegan,gak keliatan aurat pasti nya lebih bersahaja dan dnterhormat.yg liat juga terkagum-kagum.saya komen karena kamu dah cuantik nya luar biasa lah,” tulis @rikaherawati_69. Namun banyak pula warganet membela Amanda Manopo atas pemilihan gaun tersebut. “Masih aja ya banyak yang ngurus cara pakaian Manda seperti apa. Dear netizen, kurang kerjaan banget kalian. Nggak suka ngga perlu dilihat. Skip,” tulis @kennireagan_. “Kok setiap ada yang hujat Manda aq yg sakit hati. Sehat selalu ya cantik mudah Manda segera di pertemukan jodoh      x yang sayang, cinta, yang bisa membimbing nak Manda kedepannya ammin,” tulis @hasifaaru.', 'uploads/e16.jpg', '2022-12-18', NULL, NULL, NULL),
(12380, 1, 'Rizal Mantovani Hadirkan Film Baru, Siap Tayang Januari 2023', 'Solopos.com, SOLO-Rizal Mantovani kembali menghadirkan sebuah film baru berjudul ADAGIUM yang dijadwalkan tayang pada 26 Januari 2023. Adagium memiliki arti peribahasa. Film ini merupakan sebuah perumpamaan di mana sebuah bangsa yang sangat beradab menghadapi ancaman, baik dari dalam dan dari luar. Produser ADAGIUM dari Brainstorminc Entertainment Indonesia Irving Artemas mengatakan di dalam film ini beberapa karakternya berbicara menggunakan Adagium dari berbagai bahasa. “Perang tidak selalu memerlukan senjata tapi perang terjadi setiap saat. Saat dua orang manusia berbeda pendapat itu pun sudah termasuk perang,” kata Irving Artemas melalui siaran resminya, dikutip dari Antara pada Kamis (15/12/2022). Film baru besutan Rizal Mantovani ini menceritakan tentang kisah persahabatan tiga orang yakni Arga, Bian dan Alenda sejak kecil hingga dewasa. Arga dan Bian sudah bersahabat dari kecil. Saat remaja seorang perempuan bergabung dengan mereka, yaitu Alenda. Dia adalah seorang jenius IT dan hacker yang hanya bermodal laptop lama hasil modifikasinya sendiri. Setelah lulus SMA Alenda melanjutkan kuliah progamming, sedangkan Arga mengambil jurusan hukum di universitas yang sama. Sementara Bian yang bercita-cita menjadi pelukis terkenal, bekerja sebagai pengemudi ojek online untuk memenuhi kebutuhan hidupnya. Seminggu sekali mereka tetap bertemu dengan Alenda. Dua sahabat, Arga dan Bian, diam-diam mencintai Alenda. Suatu saat Arga terjebak hutang pinjaman online yang membahayakan keselamatan dirinya.  Menggunakan kepandaiannya, Alenda diam-diam membantu untuk menyelamatkan. Namun hal ini justru membuat Arga marah karena dia merasa dapat menyelesaikan masalahnya sendiri. Alenda kemudian mencium Bian, kemarahan Arga yang terbakar api cemburu memuncak dan memilih menghilang setelah sebelumnya sengaja memancing pertengkaran dengan Bian. Film baru Rizal Mantovani ini dibintangi oleh Jihan Elmira, Pangeran Lantang, Angga Asyafriena, Rizky Hanggono, Dennis Adhiswara, Teuku Rifnu Wikana, Mike Lucock, Max Matino, Dinda Ghania, Hans De Kraker, Ricky Saldan, Gilbert Pattiruhu, dan Frans Mohede. Film ini mengambil lokasi shooting di beberapa wilayah di Jabodetabek. Pemilihan Jihan Elmira sebagai Alenda dalam proyek ini dinilai sangat tepat. Begitu juga dengan karakter lainnya dalam ADAGIUM.', 'uploads/e17.jpg', '2022-12-18', NULL, NULL, NULL),
(12381, 1, 'Begini Tanggapan Kevin Aprilio Soal Widy Cabut dari Vierratale', 'Solopos.com, SOLO-Kevin Aprilio akhirnya beri tanggapan mengenai pernyataan Widy di Instagram Story yang memutuskan cabut dari Vierratale. Simak ulasannya di kabar artis kali ini.  Sebelumnya vokalis Vierratale itu pamit dari grup band yang telah membesarkan namanya. Pengumuman yang ditulis di Instagram Story itu pun mengejutkan warganet. “Gue cabut juga dari Vieraa ya. Gueudahan!! Vierrania gue pamit juga ya. Tim prod juga ya gue pamit! Assalamualaikum,” tulis Widy dalam unggahan berlatar hitam. Kevin Aprilio akhirnya beri tanggapan soal kabar Widy cabut dari Vierratale. Dia mengatakan bahwa sang vokalis tidak benar-benar keluar dari Vierratale. Bahkan, hubungan mereka sebagai tim satu band juga baik-abik saja. Kevin Aprilio menegaskan bahwa unggahan Widy Vierratale di Instagram Story itu hanya hasil dari bajakan seseorang. “Ini nggak benar ya guys. HP-nya kayaknya dibajak tadi deh tadi hmmm. Barusan ketemu saya di markas TNI AL aman-aman saja,” ujar Kevin Aprilio dalam Instagram Story, Kamis (15/12/2022). Kevin Aprilio juga memastikan bahwa jadwal manggungnya bersama Widy Vierratale akan tetap jalan malam ini. “Malam ini juga manggung bareng. Makasih perhatiannya, kalian top bingitz,” ujarnya. Putra sulung Addie MS ini lantas meminta orang yang telah membajak handphone vokalisnya, Widy untuk enyah dari dunia. “Wahai pembajak handphone! Enyahlah kamu dari dunia ini!” lanjutnya. Sebelumnya, Widy Vierratale membuat pengumuman akan keluar dari band dan berpamitan kepada seluruh timnya dengan menandai akun Instagram mereka. Unggahan ini pun mengejutkan warganet dan para penggemar Vierratale. Alhasil Instagram Vierratale pun diserbu warganet.  “Itu maksud story Widi pamit kmna yak??” tanya @mommyzielova dikutip dari Instagram @vierratale_ pada Kamis (15/12/2022).  “Shockkkk!! Tolong segera klarifikasi min please banget,” tulis @mosok.sih.  “Katanya widi mau keluar??” tulis @wirabuana752. “widi knp?? besok konser dibali lo, udah beli tiket dari jauh2 hari,” tanya @pdewi_13.  “Minta klarifikasinya dong kak gimana sih sebenernya,” tulis @iranjefilisia.  Meski Kevin Aprilio telah memberikan tanggapan, namun hingga tulisan ini dibuat, belum ada klarifikasi apapun di Instagram Vierratale terkait kabar Widy cabut dari band tersebut.', 'uploads/e18.jpg', '2022-12-18', NULL, NULL, NULL),
(12382, 1, 'Kate Hudson Umumkan akan Rilis Lagu Miliknya Tahun Depan', 'Solopos.com, SOLO-Artis Hollywood Kate Hudson baru-baru ini mengungkapkan bahwa dirinya berencana akan merilis beberapa lagu musik miliknya sendiri tahun depan. Simak ulasannya di kabar artis Hollywood kali ini. Mengutip laporan dari Fox News, Rabu (14/12/2022), Hudson mengungkapkan hal tersebut saat berada di The Tonight Show Starring Jimmy Fallon. Dalam acara tersebut, dia membicarakan tentang Glass Onion: A Knives Out Mystery, sebuah film yang dia bintangi bersama Daniel Craig dan Madison Cline. Selama wawancara, Kate Hudson juga berbicara tentang proyek rilis lagu yang telah dia kerjakan selama setahun terakhir. Aktris itu kemudian menjelaskan bahwa dia sebenarnya telah menulis musik selama bertahun-tahun. Dia mengatakan bahwa musik tersebut tak pernah ia bagikan. Oleh sebab itu, kini ia ingin membagikannya agar tak menyesal di kemudian hari. “Saya telah menulis musik sejak saya berusia 19 tahun dan saya tidak pernah membagikannya. Jadi saya pikir itu akan menjadi salah satu penyesalan terbesar saya,” kata Hudson dikutip dari Antara pada Rabu (14/12/2022). Bercerita tentang rencananya rilis lagu, Kate Hudson tak punya target apapun. “Saya tidak punya harapan. Saya hanya ingin membuat rekaman jadi saya melakukannya dan saya sangat bersemangat,” tambahnya. Aktris Almost Famous itu berbagi bahwa album tersebut akan keluar tahun depan. Ini akan menandai pertama kalinya Hudson merilis musiknya sendiri. Kendati demikian, Hudson belum mengungkapkan detail tentang musik yang akan dia rilis tahun depan itu. Hingga saat ini, karier Hudson sangat berfokus pada akting, dengan film-film seperti Food’s Gold, Bride Wars, dan Mother’s Day.', 'uploads/e19.jpg', '2022-12-18', NULL, NULL, NULL),
(12383, 1, 'Membedah Lebih Dalam di Balik Joget Viral Temon Holic ', 'Bagi Muchtar Setyo Wibowo alias Temon, joget intuitifnya kala menonton konser dangdut koplo semula hanyalah pelarian dari kondisi keluarga yang suram dan bentuk ekspresi menikmati musik. Namun dalam perkembangannya, Temon Holic memiliki makna yang lebih luas bagi penggemar dangdut musik koplo, khususnya di Tanah Jawa. Temon mengaku kepada CNNIndonesia.com beberapa waktu lalu, bahwa dirinya memang akrab dengan dunia seni sejak kecil. Akan tetapi, situasi keluarga yang tak nyaman mendorong dirinya mencari pelampiasan lain.  \"Aku itu daripada di rumah lihat orang tua bertengkar, mending cari hiburan. Karena saya suka dangdut, pelampiasannya di dangdut itu,\" ujar Temon. \"Sampai sekarang pun jadi kayak begini, jadi jalan aku masuk entertainment. Bisa masuk TV, viral, jadi fenomena. Jadi aku cari pelampiasan yang positif,\" lanjutnya.', 'uploads/E7.jpg', '2022-12-18', NULL, NULL, NULL),
(12384, 1, 'Adele Gugup dan Emosional Jelang Konser Residensi Las Vegas ', 'Adele mengaku gugup menjelang konser residensi Las Vegas yang akan digelar pada akhir pekan ini, setelah sempat dibatalkan pada Januari 2022.  \"Saya merasakan segala macam saat saya menulis ini. Saya sangat emosional, sangat gugup tetapi tidak bisa duduk diam karena saya sangat bersemangat,\" kata Adele dalam kicauan di Twitter, Jumat (18/11). \"Saya merasa sangat jauh dari rumah, saya tak bisa berhenti memikirkan ketika saya masih kecil dan melihat Tom Jones di Mars Attack dan mengira astaga bagaimana dia bisa dari Wales ke Las Vegas?\" lanjutnya. \"Saya selalu merasa takut sebelum acara, dan saya menganggap ini sebagai tanda yang bagus karena ini berarti saya peduli dan bermakna saya hanya ingin melakukan pekerjaan dengan baik,\" kata Adele. Adele juga menyebut bisa jadi rasa gugup yang ia miliki karena akhir pekan ini juga malam pembukaan dari konser residensinya atau merasa terbebani setelah tampil di Hyde Park yang sukses.  \"Namun aman untuk mengatakan saya tidak pernah lebih gugup sebelum pertunjukan sepanjang karier saya, tetapi pada saat yang sama saya berharap ini juga terjadi besok! Saya tidak sabar untuk melihat kalian di luar sana,\" kata Adele.', 'uploads/E8.jpg', '2022-12-18', NULL, NULL, NULL),
(12385, 1, 'Sinopsis Master Z The Ip Man Legacy, Bioskop Trans TV 20 November 2022 ', 'Bioskop Trans TV malam ini, Minggu (20/11) akan menayangkan Master Z: The Ip Man Legacy (2018) pukul 21.45 WIB. Berikut sinopsis Master Z: The Ip Man Legacy yang dibintangi Michelle Yeoh, Max Zhang, Dave Bautista, dan Liu Yan itu.  Sinopsis film m Master Z: The Ip Man Legacy berpusat pada karakter Cheung Tin-chi (Max Zhang) yang masih merasa terpukul atas kekalahannya dari Ip Man di masa lalu. Dalam keadaan depresi, ia memenuhi kebutuhan sehari-hari sebagai tentara bayaran hingga akhirnya memutuskan meninggalkan seni bela diri selamanya. Sejak saat itu, Tin-chi memilih membuka toko kelontong di rumahnya.  Suatu hari ketika dalam perjalanan mengantarkan barang pesanan, Tin-chi bergegas pulang karena ingin merayakan ulang tahun anaknya, Cheung Fung (Henry Zhang). Ia berjanji membawa Cheung Fung ke Petrus, restoran steak terkenal di Hong Kong. Namun di tengah jalan, ia bertemu seorang pecandu narkoba bernama Nana (Chrissie Chau) dan Julia (Liu Yan) yang melarikan diri dari kejaran bandar narkoba bernama Taso Sai Kit (Kevin Cheng).', 'uploads/e12.jpg', '2022-12-18', NULL, NULL, NULL);

-- --------------------------------------------------------

--
-- Struktur dari tabel `comment`
--

CREATE TABLE `comment` (
  `id_comment` int(11) NOT NULL,
  `comment` text DEFAULT NULL,
  `id_user` int(11) DEFAULT NULL,
  `id_berita` int(11) DEFAULT NULL
) ENGINE=InnoDB DEFAULT CHARSET=utf8mb4;

-- --------------------------------------------------------

--
-- Struktur dari tabel `kategori`
--

CREATE TABLE `kategori` (
  `id_kategori` int(11) NOT NULL,
  `nama_kategori` varchar(50) DEFAULT NULL
) ENGINE=InnoDB DEFAULT CHARSET=utf8mb4;

--
-- Dumping data untuk tabel `kategori`
--

INSERT INTO `kategori` (`id_kategori`, `nama_kategori`) VALUES
(1, 'entertainment'),
(3, 'travel'),
(4, 'lifestyle'),
(5, 'business'),
(9, 'ide');

-- --------------------------------------------------------

--
-- Struktur dari tabel `konten`
--

CREATE TABLE `konten` (
  `id_konten` int(11) NOT NULL,
  `judul` varchar(255) DEFAULT NULL,
  `isi` text DEFAULT NULL,
  `tanggal` date NOT NULL DEFAULT '1999-01-01'
) ENGINE=InnoDB DEFAULT CHARSET=latin1;

--
-- Dumping data untuk tabel `konten`
--

INSERT INTO `konten` (`id_konten`, `judul`, `isi`, `tanggal`) VALUES
(1, 'About Us', 'My News adalah sebuah portal berita terkini, yang dibuat oleh Mahasiswa - mahasiswi fakultas vokasi, Universitas Brawijaya Prodi Teknologi Informasi. Tujuan dibentuknya my news adalah memudahakan pengguna dalam mendapatkan berita informasi terkini, up to date dan terpercaya. Pada tampilan website ini terdapat menu home, kategori berita entertainment, business, travel, lifestyle, dan menampilkan beberapa video dari youtube.', '1999-01-01'),
(2, 'Selamat Datang', 'Contrary to popular belief, Lorem Ipsum is not simply random text. It has roots in a piece of classical Latin literature from 45 BC, making it over 2000 years old. Richard McClintock, a Latin professor at Hampden-Sydney College in Virginia,', '2022-07-14');

-- --------------------------------------------------------

--
-- Struktur dari tabel `user`
--

CREATE TABLE `user` (
  `id_user` int(11) NOT NULL,
  `nama` varchar(100) DEFAULT NULL,
  `email` varchar(50) DEFAULT NULL,
  `username` varchar(50) DEFAULT NULL,
  `password` varchar(150) DEFAULT NULL,
  `level` varchar(30) DEFAULT NULL,
  `foto` varchar(100) DEFAULT NULL
) ENGINE=InnoDB DEFAULT CHARSET=latin1;

--
-- Dumping data untuk tabel `user`
--

INSERT INTO `user` (`id_user`, `nama`, `email`, `username`, `password`, `level`, `foto`) VALUES
(12351, 'Taylor Swift', 'taylor@gmail.com', 'candy', '827ccb0eea8a706c4c34a16891f84e7b', 'User', 'uploads/E6.jpg'),
(12356, 'Alfizdiana Sholikhah', '213140714111185', 'alfiz', '827ccb0eea8a706c4c34a16891f84e7b', 'Superadmin', 'uploads/alfis.jpg'),
(12357, 'Amelia Tri Prismatiwi', '213140707111001', 'amel', '827ccb0eea8a706c4c34a16891f84e7b', 'Superadmin', 'uploads/amel.jpg'),
(12358, 'Muhamad Nabil Syihab', '213140714111199', 'nabil', '827ccb0eea8a706c4c34a16891f84e7b', 'Superadmin', 'uploads/nabil.jpg'),
(12359, 'Kaisar Yulian Al Akbar', '213140707111003', 'esar', '827ccb0eea8a706c4c34a16891f84e7b', 'Superadmin', 'uploads/esar.jpg'),
(12361, 'Rahmad Ababil', '203140714111029', 'zombieman', '827ccb0eea8a706c4c34a16891f84e7b', 'Superadmin', 'uploads/IMG_20221030_215000.jpg'),
(12362, 'M. Rafli Fizmar Rahman', '2131407141111', 'rafli', '827ccb0eea8a706c4c34a16891f84e7b', 'Superadmin', 'uploads/WhatsApp Image 2022-12-13 at 20.47.50.jpeg'),
(12363, 'muhamad nabil', 'muh.n8822@gmail.com', 'muh.na', '1074cf6dee6fd3a453ea3fa9d190a430', 'User', 'uploads/FOTO.JPG');

--
-- Indexes for dumped tables
--

--
-- Indeks untuk tabel `berita`
--
ALTER TABLE `berita`
  ADD PRIMARY KEY (`id_berita`),
  ADD KEY `id_kategori` (`id_kategori`),
  ADD KEY `id_comment` (`id_comment`),
  ADD KEY `id_user` (`id_user`),
  ADD KEY `id_konten` (`id_konten`);

--
-- Indeks untuk tabel `comment`
--
ALTER TABLE `comment`
  ADD PRIMARY KEY (`id_comment`),
  ADD KEY `id_berita` (`id_berita`),
  ADD KEY `id_user` (`id_user`);

--
-- Indeks untuk tabel `kategori`
--
ALTER TABLE `kategori`
  ADD PRIMARY KEY (`id_kategori`);

--
-- Indeks untuk tabel `konten`
--
ALTER TABLE `konten`
  ADD PRIMARY KEY (`id_konten`);

--
-- Indeks untuk tabel `user`
--
ALTER TABLE `user`
  ADD PRIMARY KEY (`id_user`),
  ADD KEY `nama` (`nama`),
  ADD KEY `foto` (`foto`),
  ADD KEY `nama_2` (`nama`),
  ADD KEY `username` (`username`),
  ADD KEY `foto_2` (`foto`),
  ADD KEY `username_2` (`username`),
  ADD KEY `nama_3` (`nama`);

--
-- AUTO_INCREMENT untuk tabel yang dibuang
--

--
-- AUTO_INCREMENT untuk tabel `berita`
--
ALTER TABLE `berita`
  MODIFY `id_berita` int(11) NOT NULL AUTO_INCREMENT, AUTO_INCREMENT=12392;

--
-- AUTO_INCREMENT untuk tabel `comment`
--
ALTER TABLE `comment`
  MODIFY `id_comment` int(11) NOT NULL AUTO_INCREMENT, AUTO_INCREMENT=422;

--
-- AUTO_INCREMENT untuk tabel `kategori`
--
ALTER TABLE `kategori`
  MODIFY `id_kategori` int(11) NOT NULL AUTO_INCREMENT, AUTO_INCREMENT=10;

--
-- AUTO_INCREMENT untuk tabel `konten`
--
ALTER TABLE `konten`
  MODIFY `id_konten` int(11) NOT NULL AUTO_INCREMENT, AUTO_INCREMENT=3;

--
-- AUTO_INCREMENT untuk tabel `user`
--
ALTER TABLE `user`
  MODIFY `id_user` int(11) NOT NULL AUTO_INCREMENT, AUTO_INCREMENT=12365;

--
-- Ketidakleluasaan untuk tabel pelimpahan (Dumped Tables)
--

--
-- Ketidakleluasaan untuk tabel `berita`
--
ALTER TABLE `berita`
  ADD CONSTRAINT `berita_ibfk_1` FOREIGN KEY (`id_kategori`) REFERENCES `kategori` (`id_kategori`),
  ADD CONSTRAINT `berita_ibfk_2` FOREIGN KEY (`id_user`) REFERENCES `user` (`id_user`),
  ADD CONSTRAINT `berita_ibfk_3` FOREIGN KEY (`id_konten`) REFERENCES `konten` (`id_konten`);

--
-- Ketidakleluasaan untuk tabel `comment`
--
ALTER TABLE `comment`
  ADD CONSTRAINT `comment_ibfk_1` FOREIGN KEY (`id_berita`) REFERENCES `berita` (`id_berita`),
  ADD CONSTRAINT `comment_ibfk_2` FOREIGN KEY (`id_user`) REFERENCES `user` (`id_user`);
COMMIT;

/*!40101 SET CHARACTER_SET_CLIENT=@OLD_CHARACTER_SET_CLIENT */;
/*!40101 SET CHARACTER_SET_RESULTS=@OLD_CHARACTER_SET_RESULTS */;
/*!40101 SET COLLATION_CONNECTION=@OLD_COLLATION_CONNECTION */;
